{"resnet18+Unet": [[0.45627038268481984, 0.6499181039193097], [0.454049511867411, 0.6164660699227277], [0.47958826317506675, 0.6496495674638187]], "ensembling": [[0.4549459604291044, 0.6682255344572713], [0.44897384215873326, 0.6313625932615425], [0.5151864775844105, 0.6829195110071429]]}